{"cameraMode":{"drawMode":0,"name":"Shaded","section":"Shading Mode"},"sceneLighting":true,"audioPlay":false,"sceneViewState":{"showFog":true,"showMaterialUpdate":false,"showSkybox":true,"showFlares":true,"showImageEffects":true,"showParticleSystems":true},"in2DMode":false,"pivot":{"x":292.6723937988281,"y":23.331083297729493,"z":260.0133056640625},"rotation":{"x":0.09740106016397476,"y":-0.07159842550754547,"z":0.007025468163192272,"w":0.992643415927887},"size":1.3910568952560425,"orthographic":false}